type,lookback,n_long,n_short,total_return,ann_return,ann_vol,sharpe,max_drawdown,calmar,n_weeks,key
momentum,13,5,0,5.188719290682696,0.5738136408492867,0.3804519935634043,1.5082419084594902,-0.40508388832501807,1.4165303962642144,209,momentum_lb13_L5_S0
momentum,26,5,0,5.16698409149711,0.5724365997887972,0.3970237190173507,1.4418196504873824,-0.39716420209028813,1.4413096567516528,209,momentum_lb26_L5_S0
momentum,4,3,0,5.88637471249577,0.6162006663034507,0.43368031661458484,1.4208638084238283,-0.3978775285049161,1.5487194479640916,209,momentum_lb4_L3_S0
momentum,26,8,0,4.575905279178116,0.533508279605492,0.37879669595120613,1.408429073716669,-0.3831828727041823,1.3923072183274776,209,momentum_lb26_L8_S0
momentum,13,3,0,4.942225085530977,0.5579786364221744,0.4029311089745819,1.38479909839221,-0.3908952200575311,1.4274378600486655,209,momentum_lb13_L3_S0
momentum,26,10,0,4.1371552991357845,0.5025555152975789,0.36450009452718407,1.3787527708311713,-0.40903392338259603,1.2286401850036923,209,momentum_lb26_L10_S0
momentum,13,8,0,4.09751567871149,0.4996624587864362,0.3725025498479597,1.341366546323986,-0.38875959510548597,1.2852736371712135,209,momentum_lb13_L8_S0
momentum,8,5,0,4.432141783565129,0.523574243582086,0.39802626698626187,1.3154263600400964,-0.37430799356398015,1.3987792208145615,209,momentum_lb8_L5_S0
momentum,8,3,0,4.861524342155559,0.5526871910449322,0.42231026519939246,1.3087230801363134,-0.420537300423508,1.3142405928994665,209,momentum_lb8_L3_S0
momentum,13,10,0,3.7061222511745324,0.4701484152789559,0.3632862563600923,1.294154147171868,-0.3841410024631412,1.2238954245038376,209,momentum_lb13_L10_S0
momentum,26,3,0,4.883972356723342,0.554164545242666,0.43269732699011204,1.2807209813323615,-0.48093637690908453,1.1522616542425204,209,momentum_lb26_L3_S0
momentum,8,8,0,3.7431496444619325,0.4730178657665234,0.3716693134394437,1.2726847459888357,-0.35438766712482306,1.3347469724444903,209,momentum_lb8_L8_S0
hybrid,26,5,0,4.461269604354083,0.5256027891004962,0.41599349920723916,1.2634879874376401,-0.38685838682564166,1.3586439043323288,209,hybrid_lb26_L5_S0
hybrid,26,10,0,3.786530179039443,0.4763583285085651,0.3792387978134114,1.2560907039446352,-0.362628558495082,1.3136260709456105,209,hybrid_lb26_L10_S0
hybrid,26,8,0,3.9869082423111095,0.49149951962059646,0.39304038991141266,1.250506391293209,-0.36069485386420774,1.3626463320866598,209,hybrid_lb26_L8_S0
hybrid,13,5,0,3.85890149610045,0.48188091854406756,0.38721656603813515,1.2444739218533574,-0.3561630694930371,1.352978340033899,209,hybrid_lb13_L5_S0
hybrid,13,8,0,3.379831275530419,0.4440992804834014,0.38404634046519465,1.15636899428716,-0.3528901300145516,1.2584633082968026,209,hybrid_lb13_L8_S0
hybrid,8,8,0,3.241990955455721,0.43265543948137286,0.3832039297472363,1.1290475015920507,-0.4037571181542815,1.0715735278159204,209,hybrid_lb8_L8_S0
hybrid,26,3,0,4.049718334105761,0.4961514574205921,0.443193144620495,1.1194926262802307,-0.3899707594066206,1.2722786143646667,209,hybrid_lb26_L3_S0
momentum,4,5,0,3.2666958486253437,0.4347268407679865,0.3916418514451265,1.1100111981492273,-0.4030801558315732,1.0785121382895289,209,momentum_lb4_L5_S0
hybrid,13,10,0,3.0162652789230613,0.4132966258033024,0.37429862402798714,1.1041895408421252,-0.3467779992144683,1.191819050630415,209,hybrid_lb13_L10_S0
momentum,8,10,0,2.925078757755779,0.40524402993555664,0.3696182066514693,1.0963854665245985,-0.37174053845084265,1.0901260099970085,209,momentum_lb8_L10_S0
momentum,4,8,0,2.9673608556845847,0.40899520409986945,0.3779274116706623,1.0822057132396647,-0.4185759576170015,0.9771110754385505,209,momentum_lb4_L8_S0
hybrid,8,5,0,3.494246964459335,0.4533946035565126,0.4190995207300928,1.0818304033530652,-0.403364920380319,1.124030823327478,209,hybrid_lb8_L5_S0
hybrid,13,3,0,3.297592065908616,0.43730471713023644,0.41111847624703124,1.0636951204972616,-0.3497139528344402,1.250464025200799,209,hybrid_lb13_L3_S0
mean_reversion,4,8,0,2.674780101679971,0.3823936332616844,0.3610404312290086,1.0591435201868886,-0.43845498904624347,0.872138857613395,209,mean_reversion_lb4_L8_S0
mean_reversion,4,10,0,2.5872802363021012,0.3741297155989607,0.3543811458106407,1.055726920073994,-0.4503173089848186,0.8308135355542676,209,mean_reversion_lb4_L10_S0
hybrid,8,10,0,2.793122858256968,0.393338531742335,0.3774385032050729,1.0421261434703792,-0.41347461843242295,0.9513003077034609,209,hybrid_lb8_L10_S0
hybrid,2,10,0,2.7667983011440627,0.3909263331588593,0.37609496918937707,1.0394351565016922,-0.34442239136086306,1.1350200886018251,209,hybrid_lb2_L10_S0
mean_reversion,8,3,0,3.248414834156513,0.4331949246756259,0.4173513973264372,1.037962080517,-0.4250358902358776,1.0191961070280922,209,mean_reversion_lb8_L3_S0
mean_reversion,2,5,0,2.5300366860252304,0.3686410646446612,0.3764893529447816,0.9791540232446587,-0.4449660020028664,0.8284701819585004,209,mean_reversion_lb2_L5_S0
hybrid,2,5,0,2.7559079529089945,0.3899247137477324,0.40670002381188586,0.9587526208950687,-0.3649095998297607,1.068551536955021,209,hybrid_lb2_L5_S0
momentum,2,3,0,2.786900068671334,0.39276945650065587,0.4125531806895914,0.9520456389261946,-0.37791353325690724,1.0393103764126106,209,momentum_lb2_L3_S0
momentum,4,10,0,2.3640338496882616,0.35233682259850396,0.3714807509012948,0.9484658942452782,-0.4272645982565766,0.824633784395407,209,momentum_lb4_L10_S0
mean_reversion,2,10,0,2.239728132695328,0.3397275418835215,0.35851464405648364,0.9475973925070624,-0.429123242450659,0.7916782599408693,209,mean_reversion_lb2_L10_S0
hybrid,2,8,0,2.418415640664999,0.3577433058033581,0.3821256178717426,0.936192940415295,-0.3427220706471116,1.0438292028519907,209,hybrid_lb2_L8_S0
mean_reversion,8,10,0,2.224488176463208,0.3381567542990873,0.3637338340696252,0.9296818789597617,-0.49888867543421234,0.6778200647765145,209,mean_reversion_lb8_L10_S0
mean_reversion,8,8,0,2.196262394869385,0.3352327224832181,0.3660527189907826,0.9158044868713554,-0.49752002138867,0.6738075013494368,209,mean_reversion_lb8_L8_S0
momentum,2,10,0,2.0962937800350376,0.3247179111029257,0.3715770374936478,0.8738912213015231,-0.43829172979894504,0.7408716364597653,209,momentum_lb2_L10_S0
hybrid,4,3,0,2.6285083111635705,0.3780421430606056,0.4359609325450207,0.8671468355058765,-0.49859379147681593,0.7582167077148295,209,hybrid_lb4_L3_S0
hybrid,2,3,0,2.5245284291578685,0.3681094018384592,0.4247575623474898,0.8666341331371346,-0.45748889992325303,0.8046302367122178,209,hybrid_lb2_L3_S0
hybrid,4,8,0,2.055472763413682,0.3203509031486216,0.3706653538074781,0.8642590947817863,-0.4388870862474741,0.7299164481863706,209,hybrid_lb4_L8_S0
hybrid,8,3,0,2.6135588733659967,0.37662736131245333,0.43666623338450183,0.8625062634069488,-0.42493270901078073,0.8863223595783447,209,hybrid_lb8_L3_S0
momentum,13,5,8,1.0691876605148143,0.1983183752105424,0.23010498749231828,0.8618603941262376,-0.4050355992262149,0.48963196220137767,209,momentum_lb13_L5_S8
mean_reversion,2,3,0,2.25918190442563,0.34172460419436956,0.39761887141734925,0.8594275291216954,-0.4076339356455313,0.8383124522084077,209,mean_reversion_lb2_L3_S0
mean_reversion,13,5,0,2.128543583790705,0.3281374956770886,0.38239579795120776,0.8581095750402511,-0.32403930490383714,1.0126472027042142,209,mean_reversion_lb13_L5_S0
mean_reversion,13,10,0,1.9620879792010908,0.3101933054531527,0.3658597826840581,0.8478475091672573,-0.41581562389215,0.7459876147742045,209,mean_reversion_lb13_L10_S0
mean_reversion,2,8,0,1.9381997261244033,0.3075563754515933,0.3636406967324261,0.8457699542851203,-0.4345398989996858,0.7077747662748356,209,mean_reversion_lb2_L8_S0
mean_reversion,26,5,0,2.1189468701431333,0.32712269348407164,0.3953538770179408,0.8274174416891507,-0.38685838682564166,0.8455876998512815,209,mean_reversion_lb26_L5_S0
momentum,4,3,3,1.5688943402675761,0.26458036240257043,0.3212884593498535,0.8234978714702815,-0.3218090176218015,0.8221657813004865,209,momentum_lb4_L3_S3
mean_reversion,13,3,0,2.243883645455048,0.34015488869940036,0.41908359103761916,0.8116635820963609,-0.38166102180060335,0.8912486978487218,209,mean_reversion_lb13_L3_S0
mean_reversion,26,3,0,2.3712196418595126,0.35305496089209387,0.43685563839009395,0.8081730664921176,-0.3899707594066206,0.905337008931906,209,mean_reversion_lb26_L3_S0
momentum,2,5,0,2.0220814406049445,0.3167460130328872,0.3951102591493775,0.8016648661940629,-0.38966739805661144,0.812862494046448,209,momentum_lb2_L5_S0
momentum,26,5,8,1.0890863705442437,0.20117525249322732,0.2531914024921586,0.7945579925426487,-0.27108562858146634,0.7421096188165148,209,momentum_lb26_L5_S8
momentum,2,8,0,1.838773959645244,0.2964049502240875,0.3758307443842331,0.7886660542093809,-0.43897539826694976,0.6752199585541186,209,momentum_lb2_L8_S0
mean_reversion,13,8,0,1.7591996200584816,0.28726667959506913,0.3674118114896387,0.7818656630291002,-0.3841619649403961,0.7477749121770538,209,mean_reversion_lb13_L8_S0
mean_reversion,8,5,0,1.8942197367940095,0.3026591790460724,0.3877169345442022,0.7806189311846201,-0.5090021524700213,0.5946127684870608,209,mean_reversion_lb8_L5_S0
mean_reversion,4,5,0,1.8458068945842436,0.2972033121151634,0.38184429228819705,0.7783364007726195,-0.46662468977715443,0.6369215316426966,209,mean_reversion_lb4_L5_S0
hybrid,4,10,0,1.719712198099102,0.28265829171196,0.3659964906989848,0.7722978195013169,-0.46889725223403367,0.6028149884974822,209,hybrid_lb4_L10_S0
momentum,26,8,8,0.8902875748571981,0.17165889766823028,0.22287835825580743,0.7701909643071299,-0.20961010039601413,0.8189438263896489,209,momentum_lb26_L8_S8
mean_reversion,26,8,0,1.7145839673665417,0.2820561198693481,0.36886561988845035,0.7646581970817596,-0.40544641555359284,0.6956680563675257,209,mean_reversion_lb26_L8_S0
hybrid,4,5,0,1.8503670478729752,0.29772017803916007,0.3948792441532579,0.7539524612836093,-0.4498964400464641,0.6617526869259341,209,hybrid_lb4_L5_S0
momentum,4,3,5,1.213418590323299,0.21857743792783002,0.2984180087387589,0.7324539120532001,-0.32047299327998036,0.6820463580744554,209,momentum_lb4_L3_S5
mean_reversion,26,10,0,1.5616188820979864,0.26368833110027046,0.36779710121924275,0.7169396665339313,-0.42402219920542183,0.6218738820618304,209,mean_reversion_lb26_L10_S0
momentum,26,10,8,0.7308674966083832,0.1462542292352358,0.20575308558838418,0.7108239899148934,-0.23196924471435254,0.630489741928218,209,momentum_lb26_L10_S8
momentum,13,3,8,0.9754756786825962,0.18457959529172374,0.27061297034984083,0.6820796322257002,-0.5153265151910462,0.35817989148742874,209,momentum_lb13_L3_S8
momentum,26,3,8,1.0311317126118094,0.19279665896492704,0.2898313149841886,0.665202995664719,-0.4795462393131996,0.4020397683465271,209,momentum_lb26_L3_S8
momentum,13,8,8,0.7036368337107399,0.1417407151646719,0.21369763978113648,0.6632769332868581,-0.37824510754186047,0.3747324481889972,209,momentum_lb13_L8_S8
hybrid,2,10,8,0.5001847451810237,0.10617919698767508,0.17067606986020337,0.6221094560862802,-0.26305812840694764,0.40363397105683496,209,hybrid_lb2_L10_S8
mean_reversion,4,3,0,1.368418587256711,0.23927217398432354,0.38757406100900854,0.6173585852505286,-0.4608747505845323,0.5191696305359582,209,mean_reversion_lb4_L3_S0
hybrid,26,5,8,0.7485500614411513,0.14915664556075003,0.25014132244205617,0.5962895058864228,-0.2750795241658047,0.5422310003373627,209,hybrid_lb26_L5_S8
momentum,4,3,8,0.815935173718114,0.1600191440835923,0.2737712522879696,0.5844994415822529,-0.3080985525735871,0.5193764876430988,209,momentum_lb4_L3_S8
momentum,13,10,8,0.5617271322912987,0.11729975556576866,0.20516468230914134,0.5717346389522435,-0.3567631740734092,0.32878885515698586,209,momentum_lb13_L10_S8
momentum,13,5,5,0.7192620779205396,0.14433718722459377,0.268013166146488,0.538545136792658,-0.3800340510079061,0.379800670076248,209,momentum_lb13_L5_S5
hybrid,26,8,8,0.578850574848919,0.12033526707023778,0.22350288475317398,0.5384058787569134,-0.34253873086283715,0.3513041190031841,209,hybrid_lb26_L8_S8
hybrid,26,10,8,0.5051537485073467,0.10708967088091237,0.20630592388163427,0.5190818996664094,-0.35296496267036626,0.30340028673305836,209,hybrid_lb26_L10_S8
hybrid,2,5,8,0.5151296384593083,0.10891076476696515,0.21292689101807385,0.5114937068128257,-0.3802978514691341,0.28638280323233595,209,hybrid_lb2_L5_S8
momentum,8,3,5,0.7892794409297212,0.15575903282199355,0.30545059866384033,0.5099319939242029,-0.3353432667858398,0.4644763985121726,209,momentum_lb8_L3_S5
momentum,8,3,8,0.7140943893341909,0.14348043310000258,0.28474352738433784,0.503893571938291,-0.3614010388646115,0.39701167863480713,209,momentum_lb8_L3_S8
momentum,26,5,5,0.695492622273626,0.14038028003260505,0.2800480679312645,0.5012720890010219,-0.3918381475657716,0.3582608811946817,209,momentum_lb26_L5_S5
momentum,8,5,5,0.6551768633510007,0.1335725641452572,0.27041541771976774,0.4939532119565713,-0.3017158544657077,0.44270979522038584,209,momentum_lb8_L5_S5
momentum,8,5,8,0.5836380813658795,0.12117953322855102,0.24858723603809738,0.487472869322943,-0.33281374344726944,0.36410615731603807,209,momentum_lb8_L5_S8
hybrid,26,3,8,0.6327345637138235,0.12972883281931935,0.2828556369556709,0.458639729494415,-0.2866644270098506,0.45254597569883165,209,hybrid_lb26_L3_S8
momentum,26,8,5,0.5385591122824769,0.11315265345467984,0.24990360253980468,0.4527852031931267,-0.3081422737745426,0.3672091208669079,209,momentum_lb26_L8_S5
momentum,13,3,5,0.6393453660025188,0.13086517845782142,0.30460752143855296,0.4296189990312509,-0.4968546592783454,0.2633872421522544,209,momentum_lb13_L3_S5
momentum,4,5,3,0.56013898392883,0.11701695607467366,0.27442271944667074,0.4264113274244185,-0.25010229520626703,0.46787637825620987,209,momentum_lb4_L5_S3
hybrid,2,8,8,0.3580943768538787,0.07912929052637518,0.18637850608946396,0.42456231776207154,-0.31692025555304193,0.24968202296912376,209,hybrid_lb2_L8_S8
momentum,26,3,5,0.6416799391657944,0.1312656510083945,0.3161102187477799,0.41525279229625156,-0.5700407456707088,0.23027415497105838,209,momentum_lb26_L3_S5
hybrid,13,5,8,0.42340418033331084,0.09181398346832781,0.2350388352543208,0.390633247348174,-0.3722839002023951,0.2466235671712164,209,hybrid_lb13_L5_S8
momentum,4,8,3,0.4466492350598037,0.09622319827528392,0.25552243442305966,0.37657436417489076,-0.28822948422757844,0.33384231503293604,209,momentum_lb4_L8_S3
momentum,8,8,5,0.4230041230911794,0.0917376270654624,0.24494502472882732,0.37452333300920443,-0.21526971934800565,0.4261520261340569,209,momentum_lb8_L8_S5
momentum,26,10,5,0.4055159027991255,0.0883838877105001,0.23704738253603405,0.3728532530708905,-0.3476009586513077,0.254268250736217,209,momentum_lb26_L10_S5
momentum,8,8,8,0.36327566008466583,0.08015215132978781,0.21934787733801758,0.36541110997975346,-0.2086932144916971,0.38406687790501537,209,momentum_lb8_L8_S8
momentum,13,8,5,0.4097972178215932,0.08920780630315339,0.2575949845415339,0.3463103385414314,-0.36323520642652385,0.2455924005295962,209,momentum_lb13_L8_S5
hybrid,2,3,8,0.4034065381840861,0.08797725715813476,0.25809391823658,0.34087303474346503,-0.3851674094536116,0.22841303547186662,209,hybrid_lb2_L3_S8
momentum,13,5,3,0.48264887529884337,0.10294787130012217,0.3136009094148588,0.32827669885336236,-0.4050711830363253,0.25414760568364153,209,momentum_lb13_L5_S3
hybrid,26,5,5,0.4113967449099345,0.08951514536639471,0.2805106476627219,0.3191149644844327,-0.2887736986745324,0.3099837200453784,209,hybrid_lb26_L5_S5
hybrid,13,8,8,0.29714242008079017,0.06687063807059257,0.2144415191534412,0.31183624483999317,-0.41989672450036175,0.15925496477773776,209,hybrid_lb13_L8_S8
hybrid,2,10,5,0.2566627914527777,0.05848816455911576,0.19081841364006358,0.3065121622352477,-0.36380025342603106,0.16076999399619096,209,hybrid_lb2_L10_S5
momentum,4,5,5,0.3339588268994991,0.07432557470037549,0.2551700674536484,0.29127857919258776,-0.2661064339530491,0.27930769503111386,209,momentum_lb4_L5_S5
momentum,13,10,5,0.2940333186697941,0.06623383170218311,0.24884402179682324,0.2661660554428021,-0.3542047690633928,0.18699305454673054,209,momentum_lb13_L10_S5
momentum,26,5,3,0.38867415486933443,0.0851243613016135,0.3248016006176007,0.2620811016317408,-0.5519288232265582,0.15423068649319527,209,momentum_lb26_L5_S3
hybrid,2,5,5,0.2612884248695382,0.05945621049432348,0.2355496557569078,0.25241476283745257,-0.4714444167839562,0.12611499548539534,209,hybrid_lb2_L5_S5
momentum,13,3,3,0.40344946797572123,0.0879855374790719,0.350317781552864,0.2511592106145905,-0.5356048726838258,0.16427322073862244,209,momentum_lb13_L3_S3
hybrid,26,8,5,0.2781245901655567,0.06295729721202603,0.2540182404088147,0.24784557640704508,-0.34519124912207877,0.1823838158474314,209,hybrid_lb26_L8_S5
momentum,4,8,5,0.23395244312228192,0.053696158931160864,0.2388680995461322,0.22479418153025751,-0.28848310625696605,0.18613276745339488,209,momentum_lb4_L8_S5
hybrid,26,3,5,0.31088012984800595,0.0696707483133534,0.3134666264167384,0.2222589023583314,-0.28459965499662143,0.24480264501438165,209,hybrid_lb26_L3_S5
momentum,4,10,3,0.22751199031566127,0.0523251395834734,0.24379411596722672,0.2146283940278012,-0.30737566836806585,0.17023188550115442,209,momentum_lb4_L10_S3
momentum,26,3,3,0.3375877318847136,0.07505198646426736,0.3595800021367912,0.20872124706122042,-0.6517441399893268,0.11515559843084502,209,momentum_lb26_L3_S3
hybrid,13,3,8,0.2513497099778903,0.057372941857812165,0.27789105441103396,0.2064583978041652,-0.4308386518894215,0.13316572597701246,209,hybrid_lb13_L3_S8
hybrid,8,5,8,0.22587393488509067,0.05197557482295578,0.25188403058541925,0.2063472412369936,-0.40998967235283323,0.12677288802100872,209,hybrid_lb8_L5_S8
momentum,2,3,8,0.22335538850122583,0.05143742616904623,0.24957563452111367,0.20609955081450354,-0.48622034631125466,0.1057903614262133,209,momentum_lb2_L3_S8
hybrid,26,10,5,0.21516441631124228,0.0496814509662058,0.24159154658309742,0.2056423400109219,-0.36323417852733353,0.1367752648377698,209,hybrid_lb26_L10_S5
hybrid,13,10,8,0.17900578672732892,0.041821795292661834,0.20669248969762313,0.20233824341583112,-0.39941965640047694,0.1047064024578934,209,hybrid_lb13_L10_S8
momentum,26,8,3,0.26293207293904963,0.05979954862007597,0.29683715076845457,0.20145574253514556,-0.5239058231673308,0.11414179032893958,209,momentum_lb26_L8_S3
momentum,8,10,5,0.18747079988557647,0.043677865262619076,0.23333969847417965,0.18718574485280856,-0.24393137956464617,0.17905800123203772,209,momentum_lb8_L10_S5
hybrid,8,5,5,0.20856672601050352,0.04826056564636283,0.27109918676341155,0.17801811293694458,-0.4997328195847266,0.09657273598013218,209,hybrid_lb8_L5_S5
mean_reversion,2,5,8,0.15031348239703402,0.035455181857968254,0.2023554098016783,0.17521242398568282,-0.22461731624952774,0.15784705493756784,209,mean_reversion_lb2_L5_S8
momentum,13,8,3,0.22031897596397076,0.05078751515854818,0.30114051318938106,0.16865055658123607,-0.3902191083348453,0.13015127674108576,209,momentum_lb13_L8_S3
momentum,8,10,8,0.13756788285711963,0.03258870927595359,0.20634086843228247,0.15793628050300001,-0.24503338022099486,0.13299701961651889,209,momentum_lb8_L10_S8
hybrid,2,8,5,0.135405945496194,0.03210010140790964,0.2070380589964975,0.1550444472069393,-0.41849503677331856,0.07670366094520002,209,hybrid_lb2_L8_S5
hybrid,8,8,8,0.12487979032206731,0.029711105958554418,0.21967306226568428,0.13525147622615752,-0.38394621827943964,0.07738350983556347,209,hybrid_lb8_L8_S8
hybrid,2,3,5,0.15927707439169692,0.03745682685513274,0.2825509008689331,0.13256665167211001,-0.47893948770202754,0.07820784841703536,209,hybrid_lb2_L3_S5
momentum,26,10,3,0.15298391733125016,0.03605273401813491,0.2863552413495314,0.12590212719077898,-0.5547532546445522,0.06498877422762492,209,momentum_lb26_L10_S3
hybrid,8,8,5,0.10764114649387624,0.025762129568728698,0.24255838994771844,0.10621001225429276,-0.45716166278181614,0.05635234024648272,209,hybrid_lb8_L8_S5
momentum,4,5,8,0.09384793462165542,0.02256903755684725,0.22695262509380817,0.09944382686703274,-0.28728656860790225,0.0785593202850015,209,momentum_lb4_L5_S8
momentum,13,10,3,0.11764887500485322,0.02806024362756987,0.29540341840195244,0.09498956978686204,-0.3875576777009808,0.07240275510480193,209,momentum_lb13_L10_S3
hybrid,26,5,3,0.09997492938448715,0.023991132477326094,0.328191623189154,0.07310098973336303,-0.4729264521346338,0.050729098296443446,209,hybrid_lb26_L5_S3
mean_reversion,2,3,8,0.06848491241224663,0.016617746279169454,0.2322435489397294,0.07155310171169492,-0.36675675200259583,0.04530999412671164,209,mean_reversion_lb2_L3_S8
mean_reversion,2,10,8,0.04980495630208681,0.012166373990510237,0.17454615105692406,0.06970290617604318,-0.22423723919910032,0.05425670612947437,209,mean_reversion_lb2_L10_S8
momentum,8,3,3,0.09945781841585255,0.0238713396223873,0.34749638054831417,0.06869521801844594,-0.5046098724891006,0.04730652514711335,209,momentum_lb8_L3_S3
hybrid,13,5,5,0.07568947920859048,0.01831895367652092,0.2689559524733669,0.06811135246517713,-0.45139573248670606,0.040582912859195956,209,hybrid_lb13_L5_S5
momentum,4,10,5,0.049117312629873844,0.012001379033831805,0.22410284177031595,0.05355299798532709,-0.30292901038802356,0.03961779368195594,209,momentum_lb4_L10_S5
mean_reversion,2,5,5,0.020109406715029365,0.0049659447417464975,0.23580679453054582,0.021059379360263607,-0.3586031954065628,0.013848021449213264,209,mean_reversion_lb2_L5_S5
momentum,8,5,3,0.018834071817199316,0.004653200064525187,0.31524889597896816,0.014760400825751425,-0.4661671760514349,0.009981826914411008,209,momentum_lb8_L5_S3
hybrid,8,10,8,0.010232212332785595,0.002536087556391564,0.20486457413972076,0.012379336774262952,-0.43057325360413057,0.00589002576254596,209,hybrid_lb8_L10_S8
hybrid,26,3,3,0.016479090468379365,0.004074924780765432,0.35995581379056757,0.011320624989644807,-0.45686617881964964,0.008919296217753142,209,hybrid_lb26_L3_S3
momentum,4,8,8,0.008014256747548743,0.0019880035294572718,0.2129315769485142,0.009336349065493283,-0.3683285258685334,0.0053973650961990525,209,momentum_lb4_L8_S8
momentum,2,3,3,0.007445046532492672,0.0018471986444397182,0.28637218549406274,0.006450342379630355,-0.5859257872368442,0.0031526153732725874,209,momentum_lb2_L3_S3
momentum,2,10,8,0.0032416877189818116,0.0008055641414552728,0.17232298841121546,0.00467473404960312,-0.3600082721860758,0.002237626753862213,209,momentum_lb2_L10_S8
hybrid,26,8,3,-0.002713723970577009,-0.0006758741989475459,0.30443812753986405,-0.002220070805221481,-0.5304762814979808,-0.0012740893844282433,209,hybrid_lb26_L8_S3
hybrid,8,10,5,-0.004532061581430158,-0.0011295187917294003,0.22849739336009503,-0.00494324585116541,-0.4929198749476964,-0.002291485592560562,209,hybrid_lb8_L10_S5
hybrid,8,3,8,-0.017361001586097102,-0.0043479388556825205,0.2815496373154404,-0.01544288565646849,-0.5291876519899696,-0.008216251530685626,209,hybrid_lb8_L3_S8
hybrid,2,5,3,-0.018283881429914994,-0.004580677808743494,0.2463201708114406,-0.018596438097836607,-0.4176829581374808,-0.010966877435386673,209,hybrid_lb2_L5_S3
momentum,2,3,5,-0.023831782320107076,-0.005983264763083751,0.2696673653718355,-0.022187574513636912,-0.5623122052670173,-0.010640467532164915,209,momentum_lb2_L3_S5
hybrid,13,8,5,-0.02346276591547103,-0.0058897866130669385,0.2547420776366781,-0.023120587959823247,-0.49452594046596643,-0.011909964940397857,209,hybrid_lb13_L8_S5
hybrid,8,3,5,-0.029375675340166274,-0.007390832875893372,0.29789562026506017,-0.024810142792019537,-0.6012305272335109,-0.012292843661650697,209,hybrid_lb8_L3_S5
momentum,2,5,8,-0.023196194599996334,-0.005822276058073728,0.21806207239954425,-0.026700085870072176,-0.4557708506989341,-0.012774568731513097,209,momentum_lb2_L5_S8
hybrid,2,10,3,-0.025093954525140516,-0.006303195320290889,0.20727040395709795,-0.030410493731635516,-0.36927876974496066,-0.017068935007133332,209,hybrid_lb2_L10_S3
hybrid,26,10,3,-0.05348774673609624,-0.013583979044014427,0.29516539628586475,-0.046021583881257135,-0.5522860557529252,-0.02459591167025853,209,hybrid_lb26_L10_S3
hybrid,13,3,5,-0.05868430912042,-0.014934199236248613,0.310673791184208,-0.04807035437177792,-0.48771739625135546,-0.03062059986179365,209,hybrid_lb13_L3_S5
mean_reversion,2,3,5,-0.051529759749195714,-0.01307668054717237,0.26055698635490804,-0.05018741093881265,-0.4667179504889595,-0.028018379266262456,209,mean_reversion_lb2_L3_S5
mean_reversion,2,8,8,-0.04942340255123734,-0.012531818142856421,0.1868289629731423,-0.0670764208259184,-0.26889904240255724,-0.046604175421701845,209,mean_reversion_lb2_L8_S8
mean_reversion,2,10,5,-0.06689750212431544,-0.017079692878808617,0.20922152461433563,-0.0816344920069392,-0.3401265225973832,-0.05021570428668482,209,mean_reversion_lb2_L10_S5
hybrid,2,3,3,-0.09076814091598018,-0.02339691140678024,0.28642393072497424,-0.08168630095802322,-0.4443099572327448,-0.052658985075421424,209,hybrid_lb2_L3_S3
momentum,8,8,3,-0.12812630827063742,-0.03353835987435161,0.29726325648846125,-0.11282376527303317,-0.45950426106587017,-0.07298813681630663,209,momentum_lb8_L8_S3
hybrid,13,5,3,-0.13765423212561045,-0.036176979199795345,0.3091297989952681,-0.11702844344795472,-0.5046263572332685,-0.07169062551180254,209,hybrid_lb13_L5_S3
momentum,2,8,8,-0.08522375585828179,-0.021918614743292264,0.1868289629731423,-0.11731914792270824,-0.4322200278910302,-0.05071170544836092,209,momentum_lb2_L8_S8
hybrid,13,10,5,-0.11311289146739978,-0.02942423257209681,0.2485745951188803,-0.11837184149098072,-0.4780855016254687,-0.06154596295444177,209,hybrid_lb13_L10_S5
hybrid,2,8,3,-0.11952137003735219,-0.031173898592091187,0.2225032584440045,-0.14010535760282564,-0.4203308852374438,-0.07416513914860465,209,hybrid_lb2_L8_S3
mean_reversion,8,3,8,-0.1961602203058812,-0.05287825608810204,0.29726325648846125,-0.17788359285552868,-0.4431780855522893,-0.1193160442989979,209,mean_reversion_lb8_L3_S8
mean_reversion,2,8,5,-0.15387853106882554,-0.040720901918602004,0.21806207239954425,-0.18673995652022937,-0.3745128576866633,-0.10873031748531102,209,mean_reversion_lb2_L8_S5
momentum,4,10,8,-0.1426169631653309,-0.03756001857571023,0.1963296022760353,-0.1913110307374923,-0.40937715114507967,-0.09174918158145882,209,momentum_lb4_L10_S8
hybrid,4,3,5,-0.2058524979460299,-0.055732528958153726,0.2860019993328869,-0.19486762011507777,-0.4251422705026475,-0.13109147884133215,209,hybrid_lb4_L3_S5
hybrid,13,3,3,-0.2510860356894238,-0.06941042462999114,0.3508995749522695,-0.19780709235522037,-0.5277494889321438,-0.1315215383162895,209,hybrid_lb13_L3_S3
hybrid,13,8,3,-0.21658055078446514,-0.05892250387483777,0.2958234165490187,-0.1991813378474525,-0.5393955517626015,-0.10923802334352717,209,hybrid_lb13_L8_S3
momentum,2,5,3,-0.19696625702826376,-0.05311463668757399,0.26055698635490804,-0.20385036467694578,-0.5740489698118776,-0.09252631653529535,209,momentum_lb2_L5_S3
momentum,2,10,3,-0.1721597012247622,-0.0459200022275843,0.219529172559398,-0.20917494332175707,-0.4919632613880184,-0.09334030776612513,209,momentum_lb2_L10_S3
mean_reversion,4,8,8,-0.17286810646777584,-0.046123198943793575,0.2129315769485142,-0.21661042295735186,-0.2805438232133548,-0.16440639617546196,209,mean_reversion_lb4_L8_S8
mean_reversion,2,5,3,-0.23546644046735832,-0.0646188444676914,0.2696673653718355,-0.23962426591215658,-0.5921586535907153,-0.10912420864891094,209,mean_reversion_lb2_L5_S3
momentum,2,5,5,-0.21572770855355494,-0.05866771568366336,0.23580679453054582,-0.24879569649577543,-0.534400932816963,-0.1097822104733443,209,momentum_lb2_L5_S5
hybrid,4,3,3,-0.2907667337005032,-0.08193008388481449,0.3236727700324652,-0.2531262789779835,-0.5258101851410155,-0.1558168445573984,209,hybrid_lb4_L3_S3
mean_reversion,4,10,8,-0.194410182492323,-0.05236564737927718,0.20389539614571664,-0.25682604104436646,-0.26409679089610927,-0.19828202834875355,209,mean_reversion_lb4_L10_S8
momentum,8,10,3,-0.2709641550018531,-0.07561817794380388,0.28579265301868234,-0.2645910492977603,-0.519347262226638,-0.14560234248583534,209,momentum_lb8_L10_S3
momentum,2,10,5,-0.1912796944420576,-0.051450769703134114,0.18962683219397747,-0.27132642099142856,-0.43045735418447006,-0.11952582341312533,209,momentum_lb2_L10_S5
hybrid,4,3,8,-0.2683803085293579,-0.07480413192506008,0.2699830042068267,-0.27706978128058257,-0.5031780342678387,-0.1486633494125109,209,hybrid_lb4_L3_S8
hybrid,13,10,3,-0.28858537069142864,-0.081228353038579,0.2903321405762435,-0.2797773366646873,-0.5327248866112156,-0.15247711357224375,209,hybrid_lb13_L10_S3
mean_reversion,2,3,3,-0.2859178674559477,-0.08037242731269345,0.2863721854940627,-0.28065724041610807,-0.6444451224863029,-0.12471570426759136,209,mean_reversion_lb2_L3_S3
momentum,2,8,3,-0.24611076594333148,-0.06787609339844736,0.2322435489397294,-0.292262556735482,-0.5395829420386057,-0.12579362338995329,209,momentum_lb2_L8_S3
mean_reversion,4,8,5,-0.25663045296572795,-0.07112932378897252,0.22695262509380815,-0.31341044748688,-0.34773372156442894,-0.20455112454715874,209,mean_reversion_lb4_L8_S5
mean_reversion,8,3,5,-0.34195885443942753,-0.09888407862554016,0.31524889597896816,-0.31366986494422877,-0.5121996123802028,-0.1930576990599889,209,mean_reversion_lb8_L3_S5
mean_reversion,2,10,3,-0.2972336901461581,-0.08402003639923317,0.24065353679675744,-0.34913277202400644,-0.5651728988039257,-0.14866253597269896,209,mean_reversion_lb2_L10_S3
mean_reversion,4,10,5,-0.2767245817584125,-0.07744084424683761,0.21948708085047455,-0.35282643491711546,-0.36367018978579513,-0.21294251335929112,209,mean_reversion_lb4_L10_S5
momentum,2,8,5,-0.2623655688434037,-0.07291750727431667,0.2023554098016783,-0.3603437503636827,-0.5011236116516158,-0.14550802552287115,209,momentum_lb2_L8_S5
mean_reversion,8,3,3,-0.4407266897725979,-0.13461789831616677,0.34749638054831417,-0.38739367041392875,-0.5742971231556488,-0.23440461894788556,209,mean_reversion_lb8_L3_S3
mean_reversion,2,8,3,-0.3636224189907259,-0.10635812998495864,0.2495756345211137,-0.4261559033558659,-0.5959725843435499,-0.1784614473535048,209,mean_reversion_lb2_L8_S3
mean_reversion,4,5,8,-0.35565848321157456,-0.10358862518897849,0.2388680995461322,-0.43366454284102757,-0.398896320197614,-0.259688094233761,209,mean_reversion_lb4_L5_S8
mean_reversion,13,3,8,-0.4310922755588855,-0.13093257880680775,0.30114051318938106,-0.43478898744011557,-0.514043776972132,-0.2547109500635119,209,mean_reversion_lb13_L3_S8
hybrid,8,5,3,-0.45885331041822286,-0.1416829241822778,0.3232321343952617,-0.43833180276878664,-0.6418795709760496,-0.22073131875319396,209,hybrid_lb8_L5_S3
mean_reversion,26,3,8,-0.44452691371005837,-0.13608466637941297,0.29683715076845457,-0.4584489038084209,-0.49457366355962207,-0.27515550545082273,209,mean_reversion_lb26_L3_S8
hybrid,4,8,5,-0.36123563123103897,-0.1055253915550951,0.22676992219040948,-0.4653412169295085,-0.4436277337505813,-0.23786923928976936,209,hybrid_lb4_L8_S5
hybrid,4,5,5,-0.39857860003768497,-0.11883171140551452,0.2552416864820986,-0.46556545305481983,-0.5489530745938116,-0.21646970734874196,209,hybrid_lb4_L5_S5
hybrid,4,5,3,-0.4588304787786066,-0.14167391428119902,0.2895810636742172,-0.4892374953100669,-0.5800900919440126,-0.24422743337404335,209,hybrid_lb4_L5_S3
hybrid,4,8,3,-0.4234892823181614,-0.12805726812364027,0.26090012491534575,-0.490828696096604,-0.527083038612923,-0.24295463663683248,209,hybrid_lb4_L8_S3
mean_reversion,4,5,5,-0.42333013956916055,-0.12799738844428254,0.2551700674536484,-0.5016159995628533,-0.4793799573907416,-0.2670061325487418,209,mean_reversion_lb4_L5_S5
mean_reversion,26,3,3,-0.5562716291997412,-0.18303884348974575,0.3595800021367912,-0.5090351031816119,-0.6829489066861885,-0.26801249946776934,209,mean_reversion_lb26_L3_S3
mean_reversion,26,3,5,-0.5293914946355429,-0.17099624388787438,0.3248016006176007,-0.52646367370952,-0.56365994908064,-0.3033677382378836,209,mean_reversion_lb26_L3_S5
hybrid,8,8,3,-0.5049402601605177,-0.16048271100941736,0.3006934290256029,-0.5337087395938833,-0.5851557071032526,-0.27425642279705165,209,hybrid_lb8_L8_S3
mean_reversion,13,3,3,-0.5657731868138294,-0.187426766037614,0.35031778155286397,-0.5350192765174575,-0.7545674721899074,-0.24838967083177282,209,mean_reversion_lb13_L3_S3
mean_reversion,8,8,8,-0.395738253050847,-0.11779814233879671,0.2193478773380176,-0.5370379862726842,-0.4473343934133799,-0.26333352425674084,209,mean_reversion_lb8_L8_S8
hybrid,8,3,3,-0.5659959629068656,-0.1875305081818992,0.3470845050995731,-0.5403021610777456,-0.6925793860188661,-0.2707711375296272,209,hybrid_lb8_L3_S3
mean_reversion,13,5,8,-0.4570209039195866,-0.14096071997117832,0.2575949845415339,-0.5472184181771218,-0.48736909229476266,-0.2892278607727647,209,mean_reversion_lb13_L5_S8
mean_reversion,8,10,8,-0.38662282149033844,-0.11450560262639009,0.20830134977563455,-0.5497112848751403,-0.4404713272373191,-0.25996153562271773,209,mean_reversion_lb8_L10_S8
mean_reversion,8,5,8,-0.44827407379720496,-0.13753835304680895,0.24494502472882732,-0.5615070287672685,-0.515959548399696,-0.26656809331932885,209,mean_reversion_lb8_L5_S8
mean_reversion,13,3,5,-0.5464014493062951,-0.17855480343813923,0.3136009094148588,-0.5693695333068415,-0.6443811090327263,-0.27709503108520045,209,mean_reversion_lb13_L3_S5
mean_reversion,4,3,8,-0.46890801063347953,-0.14567880293325997,0.25552243442305966,-0.570121379996187,-0.5012591712284382,-0.29062571079995253,209,mean_reversion_lb4_L3_S8
hybrid,4,5,8,-0.4463822312452912,-0.13680350106049022,0.23852872684303497,-0.5735305045690134,-0.5992500466786459,-0.2282911813169245,209,hybrid_lb4_L5_S8
hybrid,4,8,8,-0.4142125355257499,-0.12458730302532206,0.2124064137163856,-0.5865515115361654,-0.5022787443736068,-0.24804414763896737,209,hybrid_lb4_L8_S8
hybrid,4,10,3,-0.48484712206263947,-0.15213129317137708,0.24941852044978563,-0.6099438521928248,-0.5694018805739063,-0.26717736340814735,209,hybrid_lb4_L10_S3
hybrid,4,10,5,-0.4287415360279895,-0.1300405060198112,0.212465323036316,-0.6120552011096126,-0.4909215720100546,-0.26489059237581813,209,hybrid_lb4_L10_S5
mean_reversion,4,3,5,-0.5278553731032632,-0.17032381307794153,0.27442271944667074,-0.620662215655366,-0.5877088183530967,-0.28980986461157815,209,mean_reversion_lb4_L3_S5
mean_reversion,26,5,8,-0.4947759023316256,-0.15622685594090657,0.24990360253980468,-0.6251484746644368,-0.5240255480954857,-0.29812831933232303,209,mean_reversion_lb26_L5_S8
mean_reversion,26,5,3,-0.593221532353146,-0.20052154564445068,0.3161102187477799,-0.6343405994237856,-0.6899743969622291,-0.29062171948306037,209,mean_reversion_lb26_L5_S3
hybrid,8,10,3,-0.5536248964889936,-0.18182913516183807,0.2865086200656331,-0.6346375725804858,-0.6075574571219193,-0.29927891268619583,209,hybrid_lb8_L10_S3
mean_reversion,13,5,3,-0.5807267359210004,-0.19448088484612647,0.30460752143855296,-0.6384638302024271,-0.7327274405138209,-0.2654205016666878,209,mean_reversion_lb13_L5_S3
mean_reversion,8,8,5,-0.5083227695950769,-0.16191353317510748,0.24858723603809738,-0.6513348623832534,-0.5478175348100871,-0.29556106346840166,209,mean_reversion_lb8_L8_S5
mean_reversion,8,10,5,-0.500897716990567,-0.15878229163856994,0.23950904411191082,-0.6629490432285253,-0.5361962577614696,-0.29612719100550916,209,mean_reversion_lb8_L10_S5
mean_reversion,8,5,5,-0.5506092977000865,-0.18045738316528226,0.27041541771976774,-0.6673339289858493,-0.5820881033218357,-0.31001730173741004,209,mean_reversion_lb8_L5_S5
mean_reversion,26,5,5,-0.5705073095998503,-0.18964000639467538,0.2800480679312645,-0.6771694866369189,-0.587611531580431,-0.3227302328200104,209,mean_reversion_lb26_L5_S5
mean_reversion,8,8,3,-0.5797640374844197,-0.19402110301754882,0.28474352738433784,-0.6813889846762531,-0.6279175886007404,-0.3089913494060708,209,mean_reversion_lb8_L8_S3
mean_reversion,8,10,3,-0.5732651236606593,-0.19093776625615722,0.2764976692999132,-0.6905583209421186,-0.6178808964973017,-0.30902034249409915,209,mean_reversion_lb8_L10_S3
mean_reversion,8,5,3,-0.6169071064356224,-0.2123659839311376,0.3054505986638403,-0.6952547641422508,-0.6587918761753544,-0.32235671326737936,209,mean_reversion_lb8_L5_S3
mean_reversion,13,5,5,-0.5649389307513224,-0.18703862537001992,0.268013166146488,-0.6978710339468553,-0.6298657609137023,-0.29694998041915477,209,mean_reversion_lb13_L5_S5
mean_reversion,13,10,8,-0.47226350095326664,-0.14702496601368908,0.20300788157354158,-0.7242327976336617,-0.5281176810599695,-0.27839432627705174,209,mean_reversion_lb13_L10_S8
mean_reversion,4,8,3,-0.5938992719666251,-0.2008531656274809,0.27377125228796967,-0.7336532376898763,-0.6099791687550702,-0.3292787293661352,209,mean_reversion_lb4_L8_S3
hybrid,4,10,8,-0.4759370495022539,-0.1485061214719321,0.19722641057105958,-0.7529727942720236,-0.5275515009017766,-0.2815007088750223,209,hybrid_lb4_L10_S8
mean_reversion,13,10,3,-0.5943739872297947,-0.20108569286791977,0.2651105698163704,-0.7584974563903747,-0.7660582979353641,-0.2624939817372572,209,mean_reversion_lb13_L10_S3
mean_reversion,13,8,8,-0.5120833551924616,-0.16351299060001423,0.2136976397811365,-0.7651604892196279,-0.5324350657257055,-0.3071040979938973,209,mean_reversion_lb13_L8_S8
mean_reversion,4,10,3,-0.6045239576615353,-0.20610702586216012,0.26678604179270105,-0.7725555073166461,-0.6211240618463314,-0.3318290797646668,209,mean_reversion_lb4_L10_S3
mean_reversion,26,8,3,-0.6498824534544585,-0.2298085949013987,0.2898313149841886,-0.7929046414944348,-0.7015450944897403,-0.3275749438010781,209,mean_reversion_lb26_L8_S3
mean_reversion,13,8,3,-0.6240030966270493,-0.2160213787337788,0.2706129703498409,-0.7982669066250313,-0.7680969062399929,-0.2812423497332544,209,mean_reversion_lb13_L8_S3
mean_reversion,4,5,3,-0.6859315344888142,-0.25035140961914604,0.2984180087387589,-0.8389286245734207,-0.7064718726433401,-0.35436854503836007,209,mean_reversion_lb4_L5_S3
mean_reversion,26,10,3,-0.6693040065863569,-0.24066734147253033,0.2863108524875513,-0.8405805766059617,-0.7008003373065335,-0.34341784479944004,209,mean_reversion_lb26_L10_S3
mean_reversion,26,8,8,-0.5675915462654746,-0.18827470947868818,0.2228783582558074,-0.8447419971686839,-0.5801311761596821,-0.32453816863458007,209,mean_reversion_lb26_L8_S8
mean_reversion,26,8,5,-0.6312112960839363,-0.21978802614589044,0.2531914024921586,-0.868070653199598,-0.635524097493759,-0.3458374387574639,209,mean_reversion_lb26_L8_S5
mean_reversion,13,10,5,-0.578175150587315,-0.19326398310171733,0.21917982786098578,-0.8817599000228,-0.6385392787085763,-0.30266577099624487,209,mean_reversion_lb13_L10_S5
mean_reversion,4,3,3,-0.7457882446723718,-0.288769461603387,0.3212884593498535,-0.8987856650305129,-0.7686268479319303,-0.3756952575626925,209,mean_reversion_lb4_L3_S3
mean_reversion,13,8,5,-0.6104413251366214,-0.20907925763197355,0.23010498749231828,-0.9086254926958215,-0.6513020315351699,-0.32101735832015965,209,mean_reversion_lb13_L8_S5
mean_reversion,26,10,8,-0.5921191889777249,-0.19998305124521554,0.2196882340941175,-0.9103038770821928,-0.5987956012653206,-0.33397548482759304,209,mean_reversion_lb26_L10_S8
mean_reversion,26,10,5,-0.6519460850391319,-0.2309405721938128,0.25002357336025116,-0.9236751922630021,-0.6556725764730158,-0.3522193553314139,209,mean_reversion_lb26_L10_S5
